{
	"Base1Position": {
		"angles": [
			55.256404876709,
			-92.2091674804688,
			-123.905731201172,
			-143.947677612305,
			54.9592437744141,
			90.3985900878906
		]
	},
	"SecondDrink": {
		"angles": [
			5.42984008789063,
			-110.070648193359,
			-133.051376342773,
			242.661010742188,
			5.42364501953125,
			96.1461639404297
		]
	},
	"PreFirstDrink": {
		"angles": [
			45.3191528320313,
			-114.614181518555,
			-124.552108764648,
			-120.885498046875,
			63.8317718505859,
			95.7128753662109
		]
	},
	"FirstDrink": {
		"angles": [
			0.700225830078125,
			-106.518630981445,
			-139.637008666992,
			-114.119995117188,
			19.0123596191406,
			-263.909423828125
		]
	},
	"PreThirdDrink": {
		"angles": [
			53.2354736328125,
			-110.044555664063,
			-133.093978881836,
			-116.925598144531,
			53.222412109375,
			-264.26513671875
		]
	},
	"ThirdDrink": {
		"angles": [
			0.23468017578125,
			-115.344772338867,
			-123.143112182617,
			-121.381256103516,
			-19.8229370117188,
			-264.250732421875
		]
	},
	"PreParking": {
		"angles": [
			-1.91507339477539,
			-163.725357055664,
			-18.4404144287109,
			-269.515228271484,
			0.0770416259765625,
			181.066711425781
		]
	},
	"Parking": {
		"angles": [
			-3.82669448852539,
			-221.556701660156,
			41.7001342773438,
			-268.179016113281,
			3.52949523925781,
			177.084838867188
		]
	},
	"SpillPosition": {
		"angles": [
			51.0945129394531,
			-145.222091674805,
			-45.0859222412109,
			190.265167236328,
			51.0896911621094,
			95.1265106201172
		]
	},
	"PreDrawPosition": {
		"angles": [
			76.27667236328125,
			-135.51933288574219,
			-59.614425659179688,
			-164.91851806640625,
			75.9342041015625,
			90.35601806640625
		]
	}
}