{
  "Base1Position": {
    "point": {
      "x": 0.224668356052736,
      "y": -0.0055386403621288,
      "z": 0.128063316155215
    },
    "rotation": {
      "roll": 1.57,
      "pitch": 0.00498716023581626,
      "yaw": 1.5772442921105
    }
  },
  "Base1UpPosition": {
    "point": {
      "x": 0.224668356052736,
      "y": -0.0055386403621288,
      "z": 0.178063316155215
    },
    "rotation": {
      "roll": 1.57,
      "pitch": 0.00498716023581626,
      "yaw": 1.5772442921105
    }
  },
  "PreUpSecondDrink": {
    "point": {
      "x": 0.224668356052736,
      "y": -0.0055386403621288,
      "z": 0.178063316155215
    },
    "rotation": {
      "roll": 1.57,
      "pitch": 0.00498716023581626,
      "yaw": 1.5772442921105
    }
  },
  "UpSecondDrink": {
    "point": {
      "x": 0.235225045712099,
      "y": -0.210231631372708,
      "z": 0.178063316155215
    },
    "rotation": {
      "roll": 1.56974890402712,
      "pitch": 6.31450260989186E-06,
      "yaw": 1.57203590966547
    }
  },
  "SecondDrink": {
    "point": {
      "x": 0.235225045712099,
      "y": -0.210231631372708,
      "z": 0.045994911386254
    },
    "rotation": {
      "roll": 1.56974890402712,
      "pitch": 6.31450260989186E-06,
      "yaw": 1.57203590966547
    }
  },
  "PreUpFirstDrink": {
    "point": {
      "x": 0.224683449799814,
      "y": -0.0180245602266441,
      "z": 0.178063316155215
    },
    "rotation": {
      "roll": 1.56956838117166,
      "pitch": -0.322410774657662,
      "yaw": 1.57980476663818
    }
  },
  "UpFirstDrink": {
    "point": {
      "x": 0.157649947939664,
      "y": -0.225231631372708,
      "z": 0.178063316155215
    },
    "rotation": {
      "roll": 1.56914076126081,
      "pitch": -0.319710627588462,
      "yaw": 1.57208854683278
    }
  },
  "FirstDrink": {
    "point": {
      "x": 0.157649947939664,
      "y": -0.225231631372708,
      "z": 0.045994911386254
    },
    "rotation": {
      "roll": 1.56914076126081,
      "pitch": -0.319710627588462,
      "yaw": 1.57208854683278
    }
  },
  "PreUpThirdDrink": {
    "point": {
      "x": 0.224668356052736,
      "y": -0.0055386403621288,
      "z": 0.178063316155215
    },
    "rotation": {
      "roll": 1.57,
      "pitch": 0.00498716023581626,
      "yaw": 1.5772442921105
    }
  },
  "UpThirdDrink": {
    "point": {
      "x": 0.307014456057446,
      "y": -0.222231631372708,
      "z": 0.178063316155215
    },
    "rotation": {
      "roll": 1.56997153754756,
      "pitch": 0.350058267426406,
      "yaw": 1.57357189705471
    }
  },
  "ThirdDrink": {
    "point": {
      "x": 0.307014456057446,
      "y": -0.222231631372708,
      "z": 0.045994911386254
    },
    "rotation": {
      "roll": 1.56997153754756,
      "pitch": 0.350058267426406,
      "yaw": 1.57357189705471
    }
  },
  "SpillPosition": {
    "point": {
      "x": 0.307048073414885,
      "y": 0.162831451189363,
      "z": 0.178063316155215
    },
    "rotation": {
      "roll": 1.57005591362509,
      "pitch": 1.57,
      "yaw": 1.57966123060111
    }
  },
  "SpillDownPosition": {
    "point": {
      "x": 0.315048073414885,
      "y": 0.152831451189363,
      "z": 0.117063316155215
    },
    "rotation": {
      "roll": 1.57005591362509,
      "pitch": 1.57,
      "yaw": 1.57966123060111
    }
  },
  "SpillDownFirstDrinkPosition": {
    "point": {
      "x": 0.315048073414885,
      "y": 0.115831451189363,
      "z": 0.117063316155215
    },
    "rotation": {
      "roll": 1.57005591362509,
      "pitch": 1.57,
      "yaw": 1.57966123060111
    }
  },
  "SpillDownDrinkPosition": {
    "point": {
      "x": 0.312048073414885,
      "y": 0.022831451189363,
      "z": 0.087063316155215
    },
    "rotation": {
      "roll": 1.57005591362509,
      "pitch": 1.57,
      "yaw": 1.57966123060111
    }
  },
  "PreDrawPosition": {
    "point": {
      "x": 0.22470927295347548,
      "y": 0.294550417448595,
      "z": 0.17801729977025321
    },
    "rotation": {
      "roll": 1.5698880316898005,
      "pitch": 0.0059895501432860772,
      "yaw": 1.5767759512157635
    }
  },
  "PreSpillDrinkPosition": {
    "point": {
      "x": 0.31208033514768996,
      "y": 0.012872042711019675,
      "z": 0.038062233054188119
    },
    "rotation": {
      "roll": -2.0861393697790276,
      "pitch": 1.5707963267948966,
      "yaw": 0.0
    }
  },
  "SpillDrinkPosition": {
    "point": {
      "x": 0.5717195054141835,
      "y": -0.03852910115710732,
      "z": 0.084932136600300287
    },
    "rotation": {
      "roll": -1.840201184637274,
      "pitch": 1.5707963267948966,
      "yaw": 0.0
    }
  },
  "SpillThirdDrinkPosition": {
    "point": {
      "x": 0.5817195054141835,
      "y": -0.03852910115710732,
      "z": 0.084932136600300287
    },
    "rotation": {
      "roll": -1.840201184637274,
      "pitch": 1.5707963267948966,
      "yaw": 0.0
    }
  },
  "AfterSpillDrinkPosition": {
    "point": {
      "x": 0.57107195054141835,
      "y": -0.03852910115710732,
      "z": 0.084932136600300287
    },
    "rotation": {
      "roll": -0.968201184637274,
      "pitch": 1.5707963267948966,
      "yaw": 0.0
    }
  },
  "CupPosition": {
    "point": {
      "x": 0.256732348687715,
      "y": -0.256540709604027,
      "z": 0.257795673807144
    },
    "rotation": {
      "roll": 1.38382221778709,
      "pitch": -1.56455409460736,
      "yaw": 1.38982952925259
    }
  },
  "DownCupPosition": {
    "point": {
      "x": 0.256732348687715,
      "y": -0.256540709604027,
      "z": 0.10210758797416
    },
    "rotation": {
      "roll": 1.41833298851138,
      "pitch": -1.56455409460736,
      "yaw": 1.42434950631152
    }
  },
  "UpDropCupPosition": {
    "point": {
      "x": 0.442323450031671,
      "y": 0.137401391951241,
      "z": 0.0711895469396165
    },
    "rotation": {
      "roll": 1.5708330366666,
      "pitch": 0.524738276969825,
      "yaw": 1.56977066946908
    }
  },
  "DropCupPosition": {
    "point": {
      "x": 0.44023450031671,
      "y": 0.167401391951241,
      "z": 0.0411895469396165
    },
    "rotation": {
      "roll": 1.5708330366666,
      "pitch": 0.524738276969825,
      "yaw": 1.56977066946908
    }
  },
  "DropDownCupPosition": {
    "point": {
      "x": 0.44023450031671,
      "y": 0.171401391951241,
      "z": 0.0371895469396165
    },
    "rotation": {
      "roll": 1.5708330366666,
      "pitch": 0.524738276969825,
      "yaw": 1.56977066946908
    }
  },
  "Base2PreUpPosition": {
    "point": {
      "x": 0.502769885780577,
      "y": 0.322784791896254,
      "z": 0.179300197794905
    },
    "rotation": {
      "roll": -1.57162244884281,
      "pitch": 0.0131132656292683,
      "yaw": 1.56323803401166
    }
  },
  "Base2UpPosition": {
    "point": {
      "x": 0.502769885780577,
      "y": 0.412784791896254,
      "z": 0.179300197794905
    },
    "rotation": {
      "roll": -1.57162244884281,
      "pitch": 0.0131132656292683,
      "yaw": 1.56323803401166
    }
  },
  "Base2Position": {
    "point": {
      "x": 0.502769885780577,
      "y": 0.412784791896254,
      "z": 0.085
    },
    "rotation": {
      "roll": -1.57162244884281,
      "pitch": 0.0131132656292683,
      "yaw": 1.56323803401166
    }
  },
  "ReverseUpDropCupPosition": {
    "point": {
      "x": 0.44023450031671,
      "y": 0.169401391951241,
      "z": 0.178063316155215
    },
    "rotation": {
      "roll": 1.5708330366666,
      "pitch": 0.524738276969825,
      "yaw": -1.56977066946908
    }
  },
  "ReverseDropCupPosition": {
    "point": {
      "x": 0.44023450031671,
      "y": 0.169401391951241,
      "z": 0.0531895469396165
    },
    "rotation": {
      "roll": 1.5708330366666,
      "pitch": 0.524738276969825,
      "yaw": -1.56977066946908
    }
  },
  "GoToAgvPosition": {
    "point": {
      "x": 0.442323450031671,
      "y": 0.137401391951241,
      "z": 0.178063316155215
    },
    "rotation": {
      "roll": 1.5708330366666,
      "pitch": 1.57,
      "yaw": -1.56977066946908
    }
  },